group,value,interface,n,single_accuracy,multi_accuracy,delta_conv_pp,harm,rescue,single_strict,multi_strict
adapt_split,ADAPT_TRAIN,mcq,6,100.0,100.0,0.0,0,0,100.0,100.0
adapt_split,ADAPT_TRAIN,openqa,6,100.0,100.0,0.0,0,0,33.333333333333336,33.333333333333336
adapt_split,ADAPT_VAL,mcq,2,100.0,100.0,0.0,0,0,100.0,100.0
adapt_split,ADAPT_VAL,openqa,2,100.0,100.0,0.0,0,0,100.0,100.0
history_horizon,long,mcq,4,100.0,100.0,0.0,0,0,100.0,100.0
history_horizon,long,openqa,4,100.0,100.0,0.0,0,0,50.0,50.0
history_horizon,short,mcq,4,100.0,100.0,0.0,0,0,100.0,100.0
history_horizon,short,openqa,4,100.0,100.0,0.0,0,0,50.0,50.0
history_side,evidence,mcq,4,100.0,100.0,0.0,0,0,100.0,100.0
history_side,evidence,openqa,4,100.0,100.0,0.0,0,0,50.0,50.0
history_side,task,mcq,4,100.0,100.0,0.0,0,0,100.0,100.0
history_side,task,openqa,4,100.0,100.0,0.0,0,0,50.0,50.0
interface,mcq,mcq,8,100.0,100.0,0.0,0,0,100.0,100.0
interface,openqa,openqa,8,100.0,100.0,0.0,0,0,50.0,50.0
operation,preserve,mcq,2,100.0,100.0,0.0,0,0,100.0,100.0
operation,preserve,openqa,2,100.0,100.0,0.0,0,0,50.0,50.0
operation,rebind,mcq,2,100.0,100.0,0.0,0,0,100.0,100.0
operation,rebind,openqa,2,100.0,100.0,0.0,0,0,50.0,50.0
operation,retrieve,mcq,2,100.0,100.0,0.0,0,0,100.0,100.0
operation,retrieve,openqa,2,100.0,100.0,0.0,0,0,50.0,50.0
operation,revise,mcq,2,100.0,100.0,0.0,0,0,100.0,100.0
operation,revise,openqa,2,100.0,100.0,0.0,0,0,50.0,50.0
operation×modality×horizon,preserve/A/short,mcq,1,100.0,100.0,0.0,0,0,100.0,100.0
operation×modality×horizon,preserve/A/short,openqa,1,100.0,100.0,0.0,0,0,100.0,100.0
operation×modality×horizon,preserve/V/short,mcq,1,100.0,100.0,0.0,0,0,100.0,100.0
operation×modality×horizon,preserve/V/short,openqa,1,100.0,100.0,0.0,0,0,0.0,0.0
operation×modality×horizon,rebind/A/long,mcq,1,100.0,100.0,0.0,0,0,100.0,100.0
operation×modality×horizon,rebind/A/long,openqa,1,100.0,100.0,0.0,0,0,100.0,100.0
operation×modality×horizon,rebind/V/long,mcq,1,100.0,100.0,0.0,0,0,100.0,100.0
operation×modality×horizon,rebind/V/long,openqa,1,100.0,100.0,0.0,0,0,0.0,0.0
operation×modality×horizon,retrieve/A/long,mcq,1,100.0,100.0,0.0,0,0,100.0,100.0
operation×modality×horizon,retrieve/A/long,openqa,1,100.0,100.0,0.0,0,0,100.0,100.0
operation×modality×horizon,retrieve/V/long,mcq,1,100.0,100.0,0.0,0,0,100.0,100.0
operation×modality×horizon,retrieve/V/long,openqa,1,100.0,100.0,0.0,0,0,0.0,0.0
operation×modality×horizon,revise/A/short,mcq,1,100.0,100.0,0.0,0,0,100.0,100.0
operation×modality×horizon,revise/A/short,openqa,1,100.0,100.0,0.0,0,0,100.0,100.0
operation×modality×horizon,revise/V/short,mcq,1,100.0,100.0,0.0,0,0,100.0,100.0
operation×modality×horizon,revise/V/short,openqa,1,100.0,100.0,0.0,0,0,0.0,0.0
required_modality,A,mcq,4,100.0,100.0,0.0,0,0,100.0,100.0
required_modality,A,openqa,4,100.0,100.0,0.0,0,0,100.0,100.0
required_modality,V,mcq,4,100.0,100.0,0.0,0,0,100.0,100.0
required_modality,V,openqa,4,100.0,100.0,0.0,0,0,0.0,0.0
